fecha,hora,estacion,temperatura
24/08/2026,0,AEROPARQUE AERO,8.0
24/08/2026,1,AEROPARQUE AERO,8.6
24/08/2026,2,AEROPARQUE AERO,8.0
24/08/2026,3,AEROPARQUE AERO,8.2
24/08/2026,4,AEROPARQUE AERO,8.1
24/08/2026,5,AEROPARQUE AERO,8.7
24/08/2026,6,AEROPARQUE AERO,8.3
24/08/2026,7,AEROPARQUE AERO,7.6
24/08/2026,8,AEROPARQUE AERO,8.0
24/08/2026,9,AEROPARQUE AERO,9.3
24/08/2026,10,AEROPARQUE AERO,9.7
24/08/2026,11,AEROPARQUE AERO,10.7
24/08/2026,12,AEROPARQUE AERO,10.6
24/08/2026,13,AEROPARQUE AERO,10.4
24/08/2026,14,AEROPARQUE AERO,10.6
24/08/2026,15,AEROPARQUE AERO,10.5
24/08/2026,16,AEROPARQUE AERO,10.6
24/08/2026,17,AEROPARQUE AERO,10.5
24/08/2026,18,AEROPARQUE AERO,10.1
24/08/2026,19,AEROPARQUE AERO,9.7
24/08/2026,20,AEROPARQUE AERO,9.8
24/08/2026,21,AEROPARQUE AERO,9.9
24/08/2026,22,AEROPARQUE AERO,10.0
24/08/2026,23,AEROPARQUE AERO,9.7
